source,type_local,titre,valeur_fonciere,surface_reelle_bati,nombre_pieces_principales,nom_commune,code_postal,code_departement,longitude,latitude,description,url,date_mutation
pap,Appartement,Appartement – 3 pièces – 80 m² – Toulon (83000),370000.0,80.0,3.0,Toulon,83000,83,,,"Appartement T3 de 80 m2 avec terrasse de 22,25 m2.
Dans le quartier du Cap- Brun
A proximité des commerces,  des écoles.
A 400 mètres des plages
Transport en commun devant la porte.

Comprenant :...",https://www.pap.fr/annonces/appartement-toulon-83000-r460000464,2026-03-10T20:24:15.842284
pap,Appartement,Appartement – 1 pièce – 25 m² – Toulon (83000),86000.0,25.0,1.0,Toulon,83000,83,,,"TOULON EST limite LA VALETTE - proche MER -
T1 rénové 4° Ascenseur - Vue dégagée dominante - Résidence sécurisée avec GARDIEN - parc arboré - VENDU MEUBLE 25 M2 Loi Carrez - 35 M2 au sol - lumineux -...",https://www.pap.fr/annonces/appartement-toulon-83000-r462103058,2026-03-10T20:24:15.842284
pap,Appartement,Appartement – 3 pièces – 62 m² – Toulon (83000),218000.0,62.0,3.0,Toulon,83000,83,,,"Toulon – bas Faron : Appartement T2/T3 rénové avec balcon et parking.

Situé dans l'un des secteurs les plus prisés de Toulon juste en dessous du téléphérique, découvrez cet appartement de 62 m²...",https://www.pap.fr/annonces/appartement-toulon-83000-r461900192,2026-03-10T20:24:15.842284
pap,Appartement,Appartement – 3 pièces – 70 m² – Toulon,350000.0,70.0,3.0,Toulon,,,,,"Cap Brun, proche mer, à 10 mn à pied des anses Magaud et Méjean.

Dans petite résidence de 3 étages, 3 pièces 70 m2 environ, au 1er étage avec ascenseur. Très calme.

Entièrement refait à neuf...",https://www.pap.fr/annonces/appartement-toulon-r456900255,2026-03-10T20:24:15.842284
pap,,Appartement neuf à Toulon,443000.0,,,Appartement neuf à Toulon,,,,,Frais de Notaire Offerts Jusqu'au 28 Février (1).Du 01/03/2026 au 31/03/2026 : PROFITEZ DES FRAIS DE NOTAIRE OFFERTS. Frais de notaire offerts (1) jusqu'au 31 mars. Profitez des frais de notaire offerts et découvrez une adresse d'exception à...,https://www.immoneuf.com/programme/annonce-immobilier-neuf/toulon-83-g43624/p420278?origine=annonce-pap&utm_source=pap&utm_medium=link&utm_campaign=pap_annonces&typelot=,2026-03-10T20:24:15.842284
pap,Appartement,Appartement – 2 pièces – 56 m² – Toulon (83000),158500.0,56.0,2.0,Toulon,83000,83,,,"T2 lumineux de 56 m² – Quartier Claret – Vue Parc des Lices – Proche gare et centre-ville

Idéalement situé dans le quartier recherché à proximité immédiate de la gare et du centre-ville, découvrez...",https://www.pap.fr/annonces/appartement-toulon-83000-r461702808,2026-03-10T20:24:15.842284
pap,Appartement,Appartement – 4 pièces – 126 m² – Toulon (83000),254000.0,126.0,4.0,Toulon,83000,83,,,"Appartement de 126 m² situé dans une copropriété très bien entretenue au calme mais proche des commodités (école, gare, centre) composé :
- d'une entrée avec placard
- un grand salon/salle à manger,...",https://www.pap.fr/annonces/appartement-toulon-83000-r461701473,2026-03-10T20:24:15.842284
pap,Appartement,Appartement – 3 pièces – 63 m² – Toulon (83000),260000.0,63.0,3.0,Toulon,83000,83,,,"La Loubière / Bas Faron.
**Dernier étage lumineux avec grande terrasse et cadre verdoyant**.

Dans copropriété sécurisée avec portail électrique et parking collectif, T3 de 63,6 m² situé au 4ᵉ et...",https://www.pap.fr/annonces/appartement-toulon-83000-r462500999,2026-03-10T20:24:15.842284
pap,Appartement,Appartement – 2 pièces – 59 m² – Toulon (83000),300000.0,59.0,2.0,Toulon,83000,83,,,"T2 situé au second étage dans une copropriété de 2 étages, avec **parking sécurisé ( grille avec télécommande)**.
L'appartement comprend un salon et une chambre, une salle de bain et toilettes...",https://www.pap.fr/annonces/appartement-toulon-83000-r462302518,2026-03-10T20:24:15.842284
pap,,Appartement neuf à Toulon,220000.0,,,Appartement neuf à Toulon,,,,,"Toulon à 10 min à vélo de la plage de l'Anse de Magaud.Idéalement situé aux portes de La Valette-du-Var, ce programme immobilier neuf offre un cadre de vie privilégié, combinant praticité et sérénité. À proximité du Cap Brun et des commodités locales, il...",https://www.immoneuf.com/programme/annonce-immobilier-neuf/toulon-83-g43624/p15024731?origine=annonce-pap&utm_source=pap&utm_medium=link&utm_campaign=pap_annonces&typelot=,2026-03-10T20:24:15.842284
pap,Appartement,Appartement – 1 pièce – 19 m² – La Seyne-Sur-Mer (83500)à 5km de Toulon,87000.0,19.0,1.0,La Seyne-Sur-Mer (83500)à 5km de Toulon,,,,,"**Haute ville de La Seyne-sur-Mer**

Bel appartement de type studio, situé en rez-de-chaussée et d'une surface habitable de 19m2, il se compose d'une entrée principale donnant directement sur...",https://www.pap.fr/annonces/appartement-la-seyne-sur-mer-83500-r459600413,2026-03-10T20:24:15.842284
pap,,Appartement neuf à Toulon,443000.0,,,Appartement neuf à Toulon,,,,,Frais de Notaire Offerts Jusqu'au 28 Février (1).Du 01/03/2026 au 31/03/2026 : PROFITEZ DES FRAIS DE NOTAIRE OFFERTS. Frais de notaire offerts (1) jusqu'au 31 mars. Profitez des frais de notaire offerts et découvrez une adresse d'exception à...,https://www.immoneuf.com/programme/annonce-immobilier-neuf/toulon-83-g43624/p420278?page=2?origine=annonce-pap&utm_source=pap&utm_medium=link&utm_campaign=pap_annonces&typelot=,2026-03-10T20:24:15.842284
pap,,Appartement neuf à Toulon,220000.0,,,Appartement neuf à Toulon,,,,,"Toulon à 10 min à vélo de la plage de l'Anse de Magaud.Idéalement situé aux portes de La Valette-du-Var, ce programme immobilier neuf offre un cadre de vie privilégié, combinant praticité et sérénité. À proximité du Cap Brun et des commodités locales, il...",https://www.immoneuf.com/programme/annonce-immobilier-neuf/toulon-83-g43624/p15024731?page=2?origine=annonce-pap&utm_source=pap&utm_medium=link&utm_campaign=pap_annonces&typelot=,2026-03-10T20:24:15.842284
pap,Appartement,Appartement – 3 pièces – 52 m² – La Seyne-Sur-Mer (83500)à 5km de Toulon,189000.0,52.0,3.0,La Seyne-Sur-Mer (83500)à 5km de Toulon,,,,,"**Appartement clair et lumineux avec balcon**

Situation idéale, dans un quartier calme et agréable, à quelques minutes des commerces et de toutes commodités. Au 1er étage (sur 2) d'une charmante...",https://www.pap.fr/annonces/appartement-la-seyne-sur-mer-83500-r459600409,2026-03-10T20:24:15.842284
pap,,Appartement neuf à Toulon,443000.0,,,Appartement neuf à Toulon,,,,,Frais de Notaire Offerts Jusqu'au 28 Février (1).Du 01/03/2026 au 31/03/2026 : PROFITEZ DES FRAIS DE NOTAIRE OFFERTS. Frais de notaire offerts (1) jusqu'au 31 mars. Profitez des frais de notaire offerts et découvrez une adresse d'exception à...,https://www.immoneuf.com/programme/annonce-immobilier-neuf/toulon-83-g43624/p420278?page=3?origine=annonce-pap&utm_source=pap&utm_medium=link&utm_campaign=pap_annonces&typelot=,2026-03-10T20:24:15.842284
pap,,Appartement neuf à Toulon,220000.0,,,Appartement neuf à Toulon,,,,,"Toulon à 10 min à vélo de la plage de l'Anse de Magaud.Idéalement situé aux portes de La Valette-du-Var, ce programme immobilier neuf offre un cadre de vie privilégié, combinant praticité et sérénité. À proximité du Cap Brun et des commodités locales, il...",https://www.immoneuf.com/programme/annonce-immobilier-neuf/toulon-83-g43624/p15024731?page=3?origine=annonce-pap&utm_source=pap&utm_medium=link&utm_campaign=pap_annonces&typelot=,2026-03-10T20:24:15.842284
pap,Maison,Maison – 4 pièces – 78 m² – La Seyne-Sur-Mer (83500)à 5km de Toulon,420000.0,78.0,4.0,La Seyne-Sur-Mer (83500)à 5km de Toulon,,,,,"Idéalement située à La Seyne-sur-Mer, cette maison traversante Nord-Sud de 78 m² allie confort, modernité et luminosité. Entièrement rénovée en 2007 (toiture, isolation, électricité et plomberie),...",https://www.pap.fr/annonces/maison-la-seyne-sur-mer-83500-r461901587,2026-03-10T20:24:15.842284
pap,,Appartement neuf à Toulon,443000.0,,,Appartement neuf à Toulon,,,,,Frais de Notaire Offerts Jusqu'au 28 Février (1).Du 01/03/2026 au 31/03/2026 : PROFITEZ DES FRAIS DE NOTAIRE OFFERTS. Frais de notaire offerts (1) jusqu'au 31 mars. Profitez des frais de notaire offerts et découvrez une adresse d'exception à...,https://www.immoneuf.com/programme/annonce-immobilier-neuf/toulon-83-g43624/p420278?page=4?origine=annonce-pap&utm_source=pap&utm_medium=link&utm_campaign=pap_annonces&typelot=,2026-03-10T20:24:15.842284
pap,,Appartement neuf à Toulon,220000.0,,,Appartement neuf à Toulon,,,,,"Toulon à 10 min à vélo de la plage de l'Anse de Magaud.Idéalement situé aux portes de La Valette-du-Var, ce programme immobilier neuf offre un cadre de vie privilégié, combinant praticité et sérénité. À proximité du Cap Brun et des commodités locales, il...",https://www.immoneuf.com/programme/annonce-immobilier-neuf/toulon-83-g43624/p15024731?page=4?origine=annonce-pap&utm_source=pap&utm_medium=link&utm_campaign=pap_annonces&typelot=,2026-03-10T20:24:15.842284
pap,,Appartement neuf à Toulon,443000.0,,,Appartement neuf à Toulon,,,,,Frais de Notaire Offerts Jusqu'au 28 Février (1).Du 01/03/2026 au 31/03/2026 : PROFITEZ DES FRAIS DE NOTAIRE OFFERTS. Frais de notaire offerts (1) jusqu'au 31 mars. Profitez des frais de notaire offerts et découvrez une adresse d'exception à...,https://www.immoneuf.com/programme/annonce-immobilier-neuf/toulon-83-g43624/p420278?page=5?origine=annonce-pap&utm_source=pap&utm_medium=link&utm_campaign=pap_annonces&typelot=,2026-03-10T20:24:15.842284
pap,,Appartement neuf à Toulon,220000.0,,,Appartement neuf à Toulon,,,,,"Toulon à 10 min à vélo de la plage de l'Anse de Magaud.Idéalement situé aux portes de La Valette-du-Var, ce programme immobilier neuf offre un cadre de vie privilégié, combinant praticité et sérénité. À proximité du Cap Brun et des commodités locales, il...",https://www.immoneuf.com/programme/annonce-immobilier-neuf/toulon-83-g43624/p15024731?page=5?origine=annonce-pap&utm_source=pap&utm_medium=link&utm_campaign=pap_annonces&typelot=,2026-03-10T20:24:15.842284
pap,Maison,Maison – 4 pièces – 110 m² – La Seyne-Sur-Mer (83500)à 5km de Toulon,464000.0,110.0,4.0,La Seyne-Sur-Mer (83500)à 5km de Toulon,,,,,"Je vous propose cette maison de 95 m² située à La Seyne-sur-Mer Sud.

**A 15 min à pied des premières plages, environnement très calme, en fond d'impasse, chemin étroit.**

Cette maison comprend 4...",https://www.pap.fr/annonces/maison-la-seyne-sur-mer-83500-r461601274,2026-03-10T20:24:15.842284
pap,,Appartement neuf à Toulon,443000.0,,,Appartement neuf à Toulon,,,,,Frais de Notaire Offerts Jusqu'au 28 Février (1).Du 01/03/2026 au 31/03/2026 : PROFITEZ DES FRAIS DE NOTAIRE OFFERTS. Frais de notaire offerts (1) jusqu'au 31 mars. Profitez des frais de notaire offerts et découvrez une adresse d'exception à...,https://www.immoneuf.com/programme/annonce-immobilier-neuf/toulon-83-g43624/p420278?page=6?origine=annonce-pap&utm_source=pap&utm_medium=link&utm_campaign=pap_annonces&typelot=,2026-03-10T20:24:15.842284
pap,,Appartement neuf à Toulon,220000.0,,,Appartement neuf à Toulon,,,,,"Toulon à 10 min à vélo de la plage de l'Anse de Magaud.Idéalement situé aux portes de La Valette-du-Var, ce programme immobilier neuf offre un cadre de vie privilégié, combinant praticité et sérénité. À proximité du Cap Brun et des commodités locales, il...",https://www.immoneuf.com/programme/annonce-immobilier-neuf/toulon-83-g43624/p15024731?page=6?origine=annonce-pap&utm_source=pap&utm_medium=link&utm_campaign=pap_annonces&typelot=,2026-03-10T20:24:15.842284
pap,Appartement,Appartement – 3 pièces – 68 m² – La Seyne-Sur-Mer (83500)à 5km de Toulon,139000.0,68.0,3.0,La Seyne-Sur-Mer (83500)à 5km de Toulon,,,,,"**Bel appartement T3 avec balcon proche du port**

À seulement quelques minutes à pied du port de La Seyne-sur-Mer, des commerces, des écoles et des transports (bateaux-bus vers Toulon, lignes de bus...",https://www.pap.fr/annonces/appartement-la-seyne-sur-mer-83500-r460302154,2026-03-10T20:24:15.842284
pap,,Appartement neuf à Toulon,443000.0,,,Appartement neuf à Toulon,,,,,Frais de Notaire Offerts Jusqu'au 28 Février (1).Du 01/03/2026 au 31/03/2026 : PROFITEZ DES FRAIS DE NOTAIRE OFFERTS. Frais de notaire offerts (1) jusqu'au 31 mars. Profitez des frais de notaire offerts et découvrez une adresse d'exception à...,https://www.immoneuf.com/programme/annonce-immobilier-neuf/toulon-83-g43624/p420278?page=7?origine=annonce-pap&utm_source=pap&utm_medium=link&utm_campaign=pap_annonces&typelot=,2026-03-10T20:24:15.842284
pap,,Appartement neuf à Toulon,220000.0,,,Appartement neuf à Toulon,,,,,"Toulon à 10 min à vélo de la plage de l'Anse de Magaud.Idéalement situé aux portes de La Valette-du-Var, ce programme immobilier neuf offre un cadre de vie privilégié, combinant praticité et sérénité. À proximité du Cap Brun et des commodités locales, il...",https://www.immoneuf.com/programme/annonce-immobilier-neuf/toulon-83-g43624/p15024731?page=7?origine=annonce-pap&utm_source=pap&utm_medium=link&utm_campaign=pap_annonces&typelot=,2026-03-10T20:24:15.842284
pap,,Appartement neuf à Toulon,443000.0,,,Appartement neuf à Toulon,,,,,Frais de Notaire Offerts Jusqu'au 28 Février (1).Du 01/03/2026 au 31/03/2026 : PROFITEZ DES FRAIS DE NOTAIRE OFFERTS. Frais de notaire offerts (1) jusqu'au 31 mars. Profitez des frais de notaire offerts et découvrez une adresse d'exception à...,https://www.immoneuf.com/programme/annonce-immobilier-neuf/toulon-83-g43624/p420278?page=8?origine=annonce-pap&utm_source=pap&utm_medium=link&utm_campaign=pap_annonces&typelot=,2026-03-10T20:24:15.842284
pap,,Appartement neuf à Toulon,220000.0,,,Appartement neuf à Toulon,,,,,"Toulon à 10 min à vélo de la plage de l'Anse de Magaud.Idéalement situé aux portes de La Valette-du-Var, ce programme immobilier neuf offre un cadre de vie privilégié, combinant praticité et sérénité. À proximité du Cap Brun et des commodités locales, il...",https://www.immoneuf.com/programme/annonce-immobilier-neuf/toulon-83-g43624/p15024731?page=8?origine=annonce-pap&utm_source=pap&utm_medium=link&utm_campaign=pap_annonces&typelot=,2026-03-10T20:24:15.842284
pap,,Appartement neuf à Toulon,443000.0,,,Appartement neuf à Toulon,,,,,Frais de Notaire Offerts Jusqu'au 28 Février (1).Du 01/03/2026 au 31/03/2026 : PROFITEZ DES FRAIS DE NOTAIRE OFFERTS. Frais de notaire offerts (1) jusqu'au 31 mars. Profitez des frais de notaire offerts et découvrez une adresse d'exception à...,https://www.immoneuf.com/programme/annonce-immobilier-neuf/toulon-83-g43624/p420278?page=9?origine=annonce-pap&utm_source=pap&utm_medium=link&utm_campaign=pap_annonces&typelot=,2026-03-10T20:24:15.842284
pap,,Appartement neuf à Toulon,220000.0,,,Appartement neuf à Toulon,,,,,"Toulon à 10 min à vélo de la plage de l'Anse de Magaud.Idéalement situé aux portes de La Valette-du-Var, ce programme immobilier neuf offre un cadre de vie privilégié, combinant praticité et sérénité. À proximité du Cap Brun et des commodités locales, il...",https://www.immoneuf.com/programme/annonce-immobilier-neuf/toulon-83-g43624/p15024731?page=9?origine=annonce-pap&utm_source=pap&utm_medium=link&utm_campaign=pap_annonces&typelot=,2026-03-10T20:24:15.842284
pap,,Appartement neuf à Toulon,443000.0,,,Appartement neuf à Toulon,,,,,Frais de Notaire Offerts Jusqu'au 28 Février (1).Du 01/03/2026 au 31/03/2026 : PROFITEZ DES FRAIS DE NOTAIRE OFFERTS. Frais de notaire offerts (1) jusqu'au 31 mars. Profitez des frais de notaire offerts et découvrez une adresse d'exception à...,https://www.immoneuf.com/programme/annonce-immobilier-neuf/toulon-83-g43624/p420278?page=10?origine=annonce-pap&utm_source=pap&utm_medium=link&utm_campaign=pap_annonces&typelot=,2026-03-10T20:24:15.842284
pap,,Appartement neuf à Toulon,220000.0,,,Appartement neuf à Toulon,,,,,"Toulon à 10 min à vélo de la plage de l'Anse de Magaud.Idéalement situé aux portes de La Valette-du-Var, ce programme immobilier neuf offre un cadre de vie privilégié, combinant praticité et sérénité. À proximité du Cap Brun et des commodités locales, il...",https://www.immoneuf.com/programme/annonce-immobilier-neuf/toulon-83-g43624/p15024731?page=10?origine=annonce-pap&utm_source=pap&utm_medium=link&utm_campaign=pap_annonces&typelot=,2026-03-10T20:24:15.842284
pap,Appartement,Appartement – 3 pièces – 60 m² – La Seyne-Sur-Mer (83500)à 5km de Toulon,320000.0,60.45,3.0,La Seyne-Sur-Mer (83500)à 5km de Toulon,,,,,"**Séjour et cuisine donnant sur grande terrasse de 20 m² avec vue mer **- cuisine porte-fenêtre sur terrasse - séjour 2 grandes fenêtres sur terrasse -****
Entrée, visiophone - wc indépendant avec...",https://www.pap.fr/annonces/appartement-la-seyne-sur-mer-83500-r461900106,2026-03-10T20:24:15.842284
pap,,Appartement neuf à Toulon,443000.0,,,Appartement neuf à Toulon,,,,,Frais de Notaire Offerts Jusqu'au 28 Février (1).Du 01/03/2026 au 31/03/2026 : PROFITEZ DES FRAIS DE NOTAIRE OFFERTS. Frais de notaire offerts (1) jusqu'au 31 mars. Profitez des frais de notaire offerts et découvrez une adresse d'exception à...,https://www.immoneuf.com/programme/annonce-immobilier-neuf/toulon-83-g43624/p420278?page=11?origine=annonce-pap&utm_source=pap&utm_medium=link&utm_campaign=pap_annonces&typelot=,2026-03-10T20:24:15.842284
pap,,Appartement neuf à Toulon,220000.0,,,Appartement neuf à Toulon,,,,,"Toulon à 10 min à vélo de la plage de l'Anse de Magaud.Idéalement situé aux portes de La Valette-du-Var, ce programme immobilier neuf offre un cadre de vie privilégié, combinant praticité et sérénité. À proximité du Cap Brun et des commodités locales, il...",https://www.immoneuf.com/programme/annonce-immobilier-neuf/toulon-83-g43624/p15024731?page=11?origine=annonce-pap&utm_source=pap&utm_medium=link&utm_campaign=pap_annonces&typelot=,2026-03-10T20:24:15.842284
pap,,Appartement neuf à Toulon,443000.0,,,Appartement neuf à Toulon,,,,,Frais de Notaire Offerts Jusqu'au 28 Février (1).Du 01/03/2026 au 31/03/2026 : PROFITEZ DES FRAIS DE NOTAIRE OFFERTS. Frais de notaire offerts (1) jusqu'au 31 mars. Profitez des frais de notaire offerts et découvrez une adresse d'exception à...,https://www.immoneuf.com/programme/annonce-immobilier-neuf/toulon-83-g43624/p420278?page=12?origine=annonce-pap&utm_source=pap&utm_medium=link&utm_campaign=pap_annonces&typelot=,2026-03-10T20:24:15.842284
pap,,Appartement neuf à Toulon,220000.0,,,Appartement neuf à Toulon,,,,,"Toulon à 10 min à vélo de la plage de l'Anse de Magaud.Idéalement situé aux portes de La Valette-du-Var, ce programme immobilier neuf offre un cadre de vie privilégié, combinant praticité et sérénité. À proximité du Cap Brun et des commodités locales, il...",https://www.immoneuf.com/programme/annonce-immobilier-neuf/toulon-83-g43624/p15024731?page=12?origine=annonce-pap&utm_source=pap&utm_medium=link&utm_campaign=pap_annonces&typelot=,2026-03-10T20:24:15.842284
pap,,Appartement neuf à Toulon,443000.0,,,Appartement neuf à Toulon,,,,,Frais de Notaire Offerts Jusqu'au 28 Février (1).Du 01/03/2026 au 31/03/2026 : PROFITEZ DES FRAIS DE NOTAIRE OFFERTS. Frais de notaire offerts (1) jusqu'au 31 mars. Profitez des frais de notaire offerts et découvrez une adresse d'exception à...,https://www.immoneuf.com/programme/annonce-immobilier-neuf/toulon-83-g43624/p420278?page=13?origine=annonce-pap&utm_source=pap&utm_medium=link&utm_campaign=pap_annonces&typelot=,2026-03-10T20:24:15.842284
pap,,Appartement neuf à Toulon,220000.0,,,Appartement neuf à Toulon,,,,,"Toulon à 10 min à vélo de la plage de l'Anse de Magaud.Idéalement situé aux portes de La Valette-du-Var, ce programme immobilier neuf offre un cadre de vie privilégié, combinant praticité et sérénité. À proximité du Cap Brun et des commodités locales, il...",https://www.immoneuf.com/programme/annonce-immobilier-neuf/toulon-83-g43624/p15024731?page=13?origine=annonce-pap&utm_source=pap&utm_medium=link&utm_campaign=pap_annonces&typelot=,2026-03-10T20:24:15.842284
pap,,Appartement neuf à Toulon,443000.0,,,Appartement neuf à Toulon,,,,,Frais de Notaire Offerts Jusqu'au 28 Février (1).Du 01/03/2026 au 31/03/2026 : PROFITEZ DES FRAIS DE NOTAIRE OFFERTS. Frais de notaire offerts (1) jusqu'au 31 mars. Profitez des frais de notaire offerts et découvrez une adresse d'exception à...,https://www.immoneuf.com/programme/annonce-immobilier-neuf/toulon-83-g43624/p420278?page=14?origine=annonce-pap&utm_source=pap&utm_medium=link&utm_campaign=pap_annonces&typelot=,2026-03-10T20:24:15.842284
pap,,Appartement neuf à Toulon,220000.0,,,Appartement neuf à Toulon,,,,,"Toulon à 10 min à vélo de la plage de l'Anse de Magaud.Idéalement situé aux portes de La Valette-du-Var, ce programme immobilier neuf offre un cadre de vie privilégié, combinant praticité et sérénité. À proximité du Cap Brun et des commodités locales, il...",https://www.immoneuf.com/programme/annonce-immobilier-neuf/toulon-83-g43624/p15024731?page=14?origine=annonce-pap&utm_source=pap&utm_medium=link&utm_campaign=pap_annonces&typelot=,2026-03-10T20:24:15.842284
pap,,Appartement neuf à Toulon,443000.0,,,Appartement neuf à Toulon,,,,,Frais de Notaire Offerts Jusqu'au 28 Février (1).Du 01/03/2026 au 31/03/2026 : PROFITEZ DES FRAIS DE NOTAIRE OFFERTS. Frais de notaire offerts (1) jusqu'au 31 mars. Profitez des frais de notaire offerts et découvrez une adresse d'exception à...,https://www.immoneuf.com/programme/annonce-immobilier-neuf/toulon-83-g43624/p420278?page=15?origine=annonce-pap&utm_source=pap&utm_medium=link&utm_campaign=pap_annonces&typelot=,2026-03-10T20:24:15.842284
pap,,Appartement neuf à Toulon,220000.0,,,Appartement neuf à Toulon,,,,,"Toulon à 10 min à vélo de la plage de l'Anse de Magaud.Idéalement situé aux portes de La Valette-du-Var, ce programme immobilier neuf offre un cadre de vie privilégié, combinant praticité et sérénité. À proximité du Cap Brun et des commodités locales, il...",https://www.immoneuf.com/programme/annonce-immobilier-neuf/toulon-83-g43624/p15024731?page=15?origine=annonce-pap&utm_source=pap&utm_medium=link&utm_campaign=pap_annonces&typelot=,2026-03-10T20:24:15.842284
pap,,Appartement neuf à Toulon,443000.0,,,Appartement neuf à Toulon,,,,,Frais de Notaire Offerts Jusqu'au 28 Février (1).Du 01/03/2026 au 31/03/2026 : PROFITEZ DES FRAIS DE NOTAIRE OFFERTS. Frais de notaire offerts (1) jusqu'au 31 mars. Profitez des frais de notaire offerts et découvrez une adresse d'exception à...,https://www.immoneuf.com/programme/annonce-immobilier-neuf/toulon-83-g43624/p420278?page=16?origine=annonce-pap&utm_source=pap&utm_medium=link&utm_campaign=pap_annonces&typelot=,2026-03-10T20:24:15.842284
pap,,Appartement neuf à Toulon,220000.0,,,Appartement neuf à Toulon,,,,,"Toulon à 10 min à vélo de la plage de l'Anse de Magaud.Idéalement situé aux portes de La Valette-du-Var, ce programme immobilier neuf offre un cadre de vie privilégié, combinant praticité et sérénité. À proximité du Cap Brun et des commodités locales, il...",https://www.immoneuf.com/programme/annonce-immobilier-neuf/toulon-83-g43624/p15024731?page=16?origine=annonce-pap&utm_source=pap&utm_medium=link&utm_campaign=pap_annonces&typelot=,2026-03-10T20:24:15.842284
pap,,Appartement neuf à Toulon,443000.0,,,Appartement neuf à Toulon,,,,,Frais de Notaire Offerts Jusqu'au 28 Février (1).Du 01/03/2026 au 31/03/2026 : PROFITEZ DES FRAIS DE NOTAIRE OFFERTS. Frais de notaire offerts (1) jusqu'au 31 mars. Profitez des frais de notaire offerts et découvrez une adresse d'exception à...,https://www.immoneuf.com/programme/annonce-immobilier-neuf/toulon-83-g43624/p420278?page=17?origine=annonce-pap&utm_source=pap&utm_medium=link&utm_campaign=pap_annonces&typelot=,2026-03-10T20:24:15.842284
pap,,Appartement neuf à Toulon,220000.0,,,Appartement neuf à Toulon,,,,,"Toulon à 10 min à vélo de la plage de l'Anse de Magaud.Idéalement situé aux portes de La Valette-du-Var, ce programme immobilier neuf offre un cadre de vie privilégié, combinant praticité et sérénité. À proximité du Cap Brun et des commodités locales, il...",https://www.immoneuf.com/programme/annonce-immobilier-neuf/toulon-83-g43624/p15024731?page=17?origine=annonce-pap&utm_source=pap&utm_medium=link&utm_campaign=pap_annonces&typelot=,2026-03-10T20:24:15.842284
pap,,Appartement neuf à Toulon,443000.0,,,Appartement neuf à Toulon,,,,,Frais de Notaire Offerts Jusqu'au 28 Février (1).Du 01/03/2026 au 31/03/2026 : PROFITEZ DES FRAIS DE NOTAIRE OFFERTS. Frais de notaire offerts (1) jusqu'au 31 mars. Profitez des frais de notaire offerts et découvrez une adresse d'exception à...,https://www.immoneuf.com/programme/annonce-immobilier-neuf/toulon-83-g43624/p420278?page=18?origine=annonce-pap&utm_source=pap&utm_medium=link&utm_campaign=pap_annonces&typelot=,2026-03-10T20:24:15.842284
pap,,Appartement neuf à Toulon,220000.0,,,Appartement neuf à Toulon,,,,,"Toulon à 10 min à vélo de la plage de l'Anse de Magaud.Idéalement situé aux portes de La Valette-du-Var, ce programme immobilier neuf offre un cadre de vie privilégié, combinant praticité et sérénité. À proximité du Cap Brun et des commodités locales, il...",https://www.immoneuf.com/programme/annonce-immobilier-neuf/toulon-83-g43624/p15024731?page=18?origine=annonce-pap&utm_source=pap&utm_medium=link&utm_campaign=pap_annonces&typelot=,2026-03-10T20:24:15.842284
pap,,Appartement neuf à Toulon,443000.0,,,Appartement neuf à Toulon,,,,,Frais de Notaire Offerts Jusqu'au 28 Février (1).Du 01/03/2026 au 31/03/2026 : PROFITEZ DES FRAIS DE NOTAIRE OFFERTS. Frais de notaire offerts (1) jusqu'au 31 mars. Profitez des frais de notaire offerts et découvrez une adresse d'exception à...,https://www.immoneuf.com/programme/annonce-immobilier-neuf/toulon-83-g43624/p420278?page=19?origine=annonce-pap&utm_source=pap&utm_medium=link&utm_campaign=pap_annonces&typelot=,2026-03-10T20:24:15.842284
pap,,Appartement neuf à Toulon,220000.0,,,Appartement neuf à Toulon,,,,,"Toulon à 10 min à vélo de la plage de l'Anse de Magaud.Idéalement situé aux portes de La Valette-du-Var, ce programme immobilier neuf offre un cadre de vie privilégié, combinant praticité et sérénité. À proximité du Cap Brun et des commodités locales, il...",https://www.immoneuf.com/programme/annonce-immobilier-neuf/toulon-83-g43624/p15024731?page=19?origine=annonce-pap&utm_source=pap&utm_medium=link&utm_campaign=pap_annonces&typelot=,2026-03-10T20:24:15.842284
pap,,Appartement neuf à Toulon,443000.0,,,Appartement neuf à Toulon,,,,,Frais de Notaire Offerts Jusqu'au 28 Février (1).Du 01/03/2026 au 31/03/2026 : PROFITEZ DES FRAIS DE NOTAIRE OFFERTS. Frais de notaire offerts (1) jusqu'au 31 mars. Profitez des frais de notaire offerts et découvrez une adresse d'exception à...,https://www.immoneuf.com/programme/annonce-immobilier-neuf/toulon-83-g43624/p420278?page=20?origine=annonce-pap&utm_source=pap&utm_medium=link&utm_campaign=pap_annonces&typelot=,2026-03-10T20:24:15.842284
pap,,Appartement neuf à Toulon,220000.0,,,Appartement neuf à Toulon,,,,,"Toulon à 10 min à vélo de la plage de l'Anse de Magaud.Idéalement situé aux portes de La Valette-du-Var, ce programme immobilier neuf offre un cadre de vie privilégié, combinant praticité et sérénité. À proximité du Cap Brun et des commodités locales, il...",https://www.immoneuf.com/programme/annonce-immobilier-neuf/toulon-83-g43624/p15024731?page=20?origine=annonce-pap&utm_source=pap&utm_medium=link&utm_campaign=pap_annonces&typelot=,2026-03-10T20:24:15.842284
pap,,Appartement neuf à Toulon,443000.0,,,Appartement neuf à Toulon,,,,,Frais de Notaire Offerts Jusqu'au 28 Février (1).Du 01/03/2026 au 31/03/2026 : PROFITEZ DES FRAIS DE NOTAIRE OFFERTS. Frais de notaire offerts (1) jusqu'au 31 mars. Profitez des frais de notaire offerts et découvrez une adresse d'exception à...,https://www.immoneuf.com/programme/annonce-immobilier-neuf/toulon-83-g43624/p420278?page=21?origine=annonce-pap&utm_source=pap&utm_medium=link&utm_campaign=pap_annonces&typelot=,2026-03-10T20:24:15.842284
pap,,Appartement neuf à Toulon,220000.0,,,Appartement neuf à Toulon,,,,,"Toulon à 10 min à vélo de la plage de l'Anse de Magaud.Idéalement situé aux portes de La Valette-du-Var, ce programme immobilier neuf offre un cadre de vie privilégié, combinant praticité et sérénité. À proximité du Cap Brun et des commodités locales, il...",https://www.immoneuf.com/programme/annonce-immobilier-neuf/toulon-83-g43624/p15024731?page=21?origine=annonce-pap&utm_source=pap&utm_medium=link&utm_campaign=pap_annonces&typelot=,2026-03-10T20:24:15.842284
pap,,Appartement neuf à Toulon,443000.0,,,Appartement neuf à Toulon,,,,,Frais de Notaire Offerts Jusqu'au 28 Février (1).Du 01/03/2026 au 31/03/2026 : PROFITEZ DES FRAIS DE NOTAIRE OFFERTS. Frais de notaire offerts (1) jusqu'au 31 mars. Profitez des frais de notaire offerts et découvrez une adresse d'exception à...,https://www.immoneuf.com/programme/annonce-immobilier-neuf/toulon-83-g43624/p420278?page=22?origine=annonce-pap&utm_source=pap&utm_medium=link&utm_campaign=pap_annonces&typelot=,2026-03-10T20:24:15.842284
pap,,Appartement neuf à Toulon,220000.0,,,Appartement neuf à Toulon,,,,,"Toulon à 10 min à vélo de la plage de l'Anse de Magaud.Idéalement situé aux portes de La Valette-du-Var, ce programme immobilier neuf offre un cadre de vie privilégié, combinant praticité et sérénité. À proximité du Cap Brun et des commodités locales, il...",https://www.immoneuf.com/programme/annonce-immobilier-neuf/toulon-83-g43624/p15024731?page=22?origine=annonce-pap&utm_source=pap&utm_medium=link&utm_campaign=pap_annonces&typelot=,2026-03-10T20:24:15.842284
pap,,Appartement neuf à Toulon,443000.0,,,Appartement neuf à Toulon,,,,,Frais de Notaire Offerts Jusqu'au 28 Février (1).Du 01/03/2026 au 31/03/2026 : PROFITEZ DES FRAIS DE NOTAIRE OFFERTS. Frais de notaire offerts (1) jusqu'au 31 mars. Profitez des frais de notaire offerts et découvrez une adresse d'exception à...,https://www.immoneuf.com/programme/annonce-immobilier-neuf/toulon-83-g43624/p420278?page=23?origine=annonce-pap&utm_source=pap&utm_medium=link&utm_campaign=pap_annonces&typelot=,2026-03-10T20:24:15.842284
pap,,Appartement neuf à Toulon,220000.0,,,Appartement neuf à Toulon,,,,,"Toulon à 10 min à vélo de la plage de l'Anse de Magaud.Idéalement situé aux portes de La Valette-du-Var, ce programme immobilier neuf offre un cadre de vie privilégié, combinant praticité et sérénité. À proximité du Cap Brun et des commodités locales, il...",https://www.immoneuf.com/programme/annonce-immobilier-neuf/toulon-83-g43624/p15024731?page=23?origine=annonce-pap&utm_source=pap&utm_medium=link&utm_campaign=pap_annonces&typelot=,2026-03-10T20:24:15.842284
pap,,Appartement neuf à Toulon,443000.0,,,Appartement neuf à Toulon,,,,,Frais de Notaire Offerts Jusqu'au 28 Février (1).Du 01/03/2026 au 31/03/2026 : PROFITEZ DES FRAIS DE NOTAIRE OFFERTS. Frais de notaire offerts (1) jusqu'au 31 mars. Profitez des frais de notaire offerts et découvrez une adresse d'exception à...,https://www.immoneuf.com/programme/annonce-immobilier-neuf/toulon-83-g43624/p420278?page=24?origine=annonce-pap&utm_source=pap&utm_medium=link&utm_campaign=pap_annonces&typelot=,2026-03-10T20:24:15.842284
pap,,Appartement neuf à Toulon,220000.0,,,Appartement neuf à Toulon,,,,,"Toulon à 10 min à vélo de la plage de l'Anse de Magaud.Idéalement situé aux portes de La Valette-du-Var, ce programme immobilier neuf offre un cadre de vie privilégié, combinant praticité et sérénité. À proximité du Cap Brun et des commodités locales, il...",https://www.immoneuf.com/programme/annonce-immobilier-neuf/toulon-83-g43624/p15024731?page=24?origine=annonce-pap&utm_source=pap&utm_medium=link&utm_campaign=pap_annonces&typelot=,2026-03-10T20:24:15.842284
pap,,Appartement neuf à Toulon,443000.0,,,Appartement neuf à Toulon,,,,,Frais de Notaire Offerts Jusqu'au 28 Février (1).Du 01/03/2026 au 31/03/2026 : PROFITEZ DES FRAIS DE NOTAIRE OFFERTS. Frais de notaire offerts (1) jusqu'au 31 mars. Profitez des frais de notaire offerts et découvrez une adresse d'exception à...,https://www.immoneuf.com/programme/annonce-immobilier-neuf/toulon-83-g43624/p420278?page=25?origine=annonce-pap&utm_source=pap&utm_medium=link&utm_campaign=pap_annonces&typelot=,2026-03-10T20:24:15.842284
pap,,Appartement neuf à Toulon,220000.0,,,Appartement neuf à Toulon,,,,,"Toulon à 10 min à vélo de la plage de l'Anse de Magaud.Idéalement situé aux portes de La Valette-du-Var, ce programme immobilier neuf offre un cadre de vie privilégié, combinant praticité et sérénité. À proximité du Cap Brun et des commodités locales, il...",https://www.immoneuf.com/programme/annonce-immobilier-neuf/toulon-83-g43624/p15024731?page=25?origine=annonce-pap&utm_source=pap&utm_medium=link&utm_campaign=pap_annonces&typelot=,2026-03-10T20:24:15.842284
pap,,Appartement neuf à Toulon,443000.0,,,Appartement neuf à Toulon,,,,,Frais de Notaire Offerts Jusqu'au 28 Février (1).Du 01/03/2026 au 31/03/2026 : PROFITEZ DES FRAIS DE NOTAIRE OFFERTS. Frais de notaire offerts (1) jusqu'au 31 mars. Profitez des frais de notaire offerts et découvrez une adresse d'exception à...,https://www.immoneuf.com/programme/annonce-immobilier-neuf/toulon-83-g43624/p420278?page=26?origine=annonce-pap&utm_source=pap&utm_medium=link&utm_campaign=pap_annonces&typelot=,2026-03-10T20:24:15.842284
pap,,Appartement neuf à Toulon,220000.0,,,Appartement neuf à Toulon,,,,,"Toulon à 10 min à vélo de la plage de l'Anse de Magaud.Idéalement situé aux portes de La Valette-du-Var, ce programme immobilier neuf offre un cadre de vie privilégié, combinant praticité et sérénité. À proximité du Cap Brun et des commodités locales, il...",https://www.immoneuf.com/programme/annonce-immobilier-neuf/toulon-83-g43624/p15024731?page=26?origine=annonce-pap&utm_source=pap&utm_medium=link&utm_campaign=pap_annonces&typelot=,2026-03-10T20:24:15.842284
pap,,Appartement neuf à Toulon,443000.0,,,Appartement neuf à Toulon,,,,,Frais de Notaire Offerts Jusqu'au 28 Février (1).Du 01/03/2026 au 31/03/2026 : PROFITEZ DES FRAIS DE NOTAIRE OFFERTS. Frais de notaire offerts (1) jusqu'au 31 mars. Profitez des frais de notaire offerts et découvrez une adresse d'exception à...,https://www.immoneuf.com/programme/annonce-immobilier-neuf/toulon-83-g43624/p420278?page=27?origine=annonce-pap&utm_source=pap&utm_medium=link&utm_campaign=pap_annonces&typelot=,2026-03-10T20:24:15.842284
pap,,Appartement neuf à Toulon,220000.0,,,Appartement neuf à Toulon,,,,,"Toulon à 10 min à vélo de la plage de l'Anse de Magaud.Idéalement situé aux portes de La Valette-du-Var, ce programme immobilier neuf offre un cadre de vie privilégié, combinant praticité et sérénité. À proximité du Cap Brun et des commodités locales, il...",https://www.immoneuf.com/programme/annonce-immobilier-neuf/toulon-83-g43624/p15024731?page=27?origine=annonce-pap&utm_source=pap&utm_medium=link&utm_campaign=pap_annonces&typelot=,2026-03-10T20:24:15.842284
pap,,Appartement neuf à Toulon,443000.0,,,Appartement neuf à Toulon,,,,,Frais de Notaire Offerts Jusqu'au 28 Février (1).Du 01/03/2026 au 31/03/2026 : PROFITEZ DES FRAIS DE NOTAIRE OFFERTS. Frais de notaire offerts (1) jusqu'au 31 mars. Profitez des frais de notaire offerts et découvrez une adresse d'exception à...,https://www.immoneuf.com/programme/annonce-immobilier-neuf/toulon-83-g43624/p420278?page=28?origine=annonce-pap&utm_source=pap&utm_medium=link&utm_campaign=pap_annonces&typelot=,2026-03-10T20:24:15.842284
pap,,Appartement neuf à Toulon,220000.0,,,Appartement neuf à Toulon,,,,,"Toulon à 10 min à vélo de la plage de l'Anse de Magaud.Idéalement situé aux portes de La Valette-du-Var, ce programme immobilier neuf offre un cadre de vie privilégié, combinant praticité et sérénité. À proximité du Cap Brun et des commodités locales, il...",https://www.immoneuf.com/programme/annonce-immobilier-neuf/toulon-83-g43624/p15024731?page=28?origine=annonce-pap&utm_source=pap&utm_medium=link&utm_campaign=pap_annonces&typelot=,2026-03-10T20:24:15.842284
pap,,Appartement neuf à Toulon,443000.0,,,Appartement neuf à Toulon,,,,,Frais de Notaire Offerts Jusqu'au 28 Février (1).Du 01/03/2026 au 31/03/2026 : PROFITEZ DES FRAIS DE NOTAIRE OFFERTS. Frais de notaire offerts (1) jusqu'au 31 mars. Profitez des frais de notaire offerts et découvrez une adresse d'exception à...,https://www.immoneuf.com/programme/annonce-immobilier-neuf/toulon-83-g43624/p420278?page=29?origine=annonce-pap&utm_source=pap&utm_medium=link&utm_campaign=pap_annonces&typelot=,2026-03-10T20:24:15.842284
pap,,Appartement neuf à Toulon,220000.0,,,Appartement neuf à Toulon,,,,,"Toulon à 10 min à vélo de la plage de l'Anse de Magaud.Idéalement situé aux portes de La Valette-du-Var, ce programme immobilier neuf offre un cadre de vie privilégié, combinant praticité et sérénité. À proximité du Cap Brun et des commodités locales, il...",https://www.immoneuf.com/programme/annonce-immobilier-neuf/toulon-83-g43624/p15024731?page=29?origine=annonce-pap&utm_source=pap&utm_medium=link&utm_campaign=pap_annonces&typelot=,2026-03-10T20:24:15.842284
pap,,Appartement neuf à Toulon,443000.0,,,Appartement neuf à Toulon,,,,,Frais de Notaire Offerts Jusqu'au 28 Février (1).Du 01/03/2026 au 31/03/2026 : PROFITEZ DES FRAIS DE NOTAIRE OFFERTS. Frais de notaire offerts (1) jusqu'au 31 mars. Profitez des frais de notaire offerts et découvrez une adresse d'exception à...,https://www.immoneuf.com/programme/annonce-immobilier-neuf/toulon-83-g43624/p420278?page=30?origine=annonce-pap&utm_source=pap&utm_medium=link&utm_campaign=pap_annonces&typelot=,2026-03-10T20:24:15.842284
pap,,Appartement neuf à Toulon,220000.0,,,Appartement neuf à Toulon,,,,,"Toulon à 10 min à vélo de la plage de l'Anse de Magaud.Idéalement situé aux portes de La Valette-du-Var, ce programme immobilier neuf offre un cadre de vie privilégié, combinant praticité et sérénité. À proximité du Cap Brun et des commodités locales, il...",https://www.immoneuf.com/programme/annonce-immobilier-neuf/toulon-83-g43624/p15024731?page=30?origine=annonce-pap&utm_source=pap&utm_medium=link&utm_campaign=pap_annonces&typelot=,2026-03-10T20:24:15.842284
pap,,Appartement neuf à Toulon,443000.0,,,Appartement neuf à Toulon,,,,,Frais de Notaire Offerts Jusqu'au 28 Février (1).Du 01/03/2026 au 31/03/2026 : PROFITEZ DES FRAIS DE NOTAIRE OFFERTS. Frais de notaire offerts (1) jusqu'au 31 mars. Profitez des frais de notaire offerts et découvrez une adresse d'exception à...,https://www.immoneuf.com/programme/annonce-immobilier-neuf/toulon-83-g43624/p420278?page=31?origine=annonce-pap&utm_source=pap&utm_medium=link&utm_campaign=pap_annonces&typelot=,2026-03-10T20:24:15.842284
pap,,Appartement neuf à Toulon,220000.0,,,Appartement neuf à Toulon,,,,,"Toulon à 10 min à vélo de la plage de l'Anse de Magaud.Idéalement situé aux portes de La Valette-du-Var, ce programme immobilier neuf offre un cadre de vie privilégié, combinant praticité et sérénité. À proximité du Cap Brun et des commodités locales, il...",https://www.immoneuf.com/programme/annonce-immobilier-neuf/toulon-83-g43624/p15024731?page=31?origine=annonce-pap&utm_source=pap&utm_medium=link&utm_campaign=pap_annonces&typelot=,2026-03-10T20:24:15.842284
pap,,Appartement neuf à Toulon,443000.0,,,Appartement neuf à Toulon,,,,,Frais de Notaire Offerts Jusqu'au 28 Février (1).Du 01/03/2026 au 31/03/2026 : PROFITEZ DES FRAIS DE NOTAIRE OFFERTS. Frais de notaire offerts (1) jusqu'au 31 mars. Profitez des frais de notaire offerts et découvrez une adresse d'exception à...,https://www.immoneuf.com/programme/annonce-immobilier-neuf/toulon-83-g43624/p420278?page=32?origine=annonce-pap&utm_source=pap&utm_medium=link&utm_campaign=pap_annonces&typelot=,2026-03-10T20:24:15.842284
pap,,Appartement neuf à Toulon,220000.0,,,Appartement neuf à Toulon,,,,,"Toulon à 10 min à vélo de la plage de l'Anse de Magaud.Idéalement situé aux portes de La Valette-du-Var, ce programme immobilier neuf offre un cadre de vie privilégié, combinant praticité et sérénité. À proximité du Cap Brun et des commodités locales, il...",https://www.immoneuf.com/programme/annonce-immobilier-neuf/toulon-83-g43624/p15024731?page=32?origine=annonce-pap&utm_source=pap&utm_medium=link&utm_campaign=pap_annonces&typelot=,2026-03-10T20:24:15.842284
pap,,Appartement neuf à Toulon,443000.0,,,Appartement neuf à Toulon,,,,,Frais de Notaire Offerts Jusqu'au 28 Février (1).Du 01/03/2026 au 31/03/2026 : PROFITEZ DES FRAIS DE NOTAIRE OFFERTS. Frais de notaire offerts (1) jusqu'au 31 mars. Profitez des frais de notaire offerts et découvrez une adresse d'exception à...,https://www.immoneuf.com/programme/annonce-immobilier-neuf/toulon-83-g43624/p420278?page=33?origine=annonce-pap&utm_source=pap&utm_medium=link&utm_campaign=pap_annonces&typelot=,2026-03-10T20:24:15.842284
pap,,Appartement neuf à Toulon,220000.0,,,Appartement neuf à Toulon,,,,,"Toulon à 10 min à vélo de la plage de l'Anse de Magaud.Idéalement situé aux portes de La Valette-du-Var, ce programme immobilier neuf offre un cadre de vie privilégié, combinant praticité et sérénité. À proximité du Cap Brun et des commodités locales, il...",https://www.immoneuf.com/programme/annonce-immobilier-neuf/toulon-83-g43624/p15024731?page=33?origine=annonce-pap&utm_source=pap&utm_medium=link&utm_campaign=pap_annonces&typelot=,2026-03-10T20:24:15.842284
pap,,Appartement neuf à Toulon,443000.0,,,Appartement neuf à Toulon,,,,,Frais de Notaire Offerts Jusqu'au 28 Février (1).Du 01/03/2026 au 31/03/2026 : PROFITEZ DES FRAIS DE NOTAIRE OFFERTS. Frais de notaire offerts (1) jusqu'au 31 mars. Profitez des frais de notaire offerts et découvrez une adresse d'exception à...,https://www.immoneuf.com/programme/annonce-immobilier-neuf/toulon-83-g43624/p420278?page=34?origine=annonce-pap&utm_source=pap&utm_medium=link&utm_campaign=pap_annonces&typelot=,2026-03-10T20:24:15.842284
pap,,Appartement neuf à Toulon,220000.0,,,Appartement neuf à Toulon,,,,,"Toulon à 10 min à vélo de la plage de l'Anse de Magaud.Idéalement situé aux portes de La Valette-du-Var, ce programme immobilier neuf offre un cadre de vie privilégié, combinant praticité et sérénité. À proximité du Cap Brun et des commodités locales, il...",https://www.immoneuf.com/programme/annonce-immobilier-neuf/toulon-83-g43624/p15024731?page=34?origine=annonce-pap&utm_source=pap&utm_medium=link&utm_campaign=pap_annonces&typelot=,2026-03-10T20:24:15.842284
pap,,Appartement neuf à Toulon,443000.0,,,Appartement neuf à Toulon,,,,,Frais de Notaire Offerts Jusqu'au 28 Février (1).Du 01/03/2026 au 31/03/2026 : PROFITEZ DES FRAIS DE NOTAIRE OFFERTS. Frais de notaire offerts (1) jusqu'au 31 mars. Profitez des frais de notaire offerts et découvrez une adresse d'exception à...,https://www.immoneuf.com/programme/annonce-immobilier-neuf/toulon-83-g43624/p420278?page=35?origine=annonce-pap&utm_source=pap&utm_medium=link&utm_campaign=pap_annonces&typelot=,2026-03-10T20:24:15.842284
pap,,Appartement neuf à Toulon,220000.0,,,Appartement neuf à Toulon,,,,,"Toulon à 10 min à vélo de la plage de l'Anse de Magaud.Idéalement situé aux portes de La Valette-du-Var, ce programme immobilier neuf offre un cadre de vie privilégié, combinant praticité et sérénité. À proximité du Cap Brun et des commodités locales, il...",https://www.immoneuf.com/programme/annonce-immobilier-neuf/toulon-83-g43624/p15024731?page=35?origine=annonce-pap&utm_source=pap&utm_medium=link&utm_campaign=pap_annonces&typelot=,2026-03-10T20:24:15.842284
pap,,Appartement neuf à Toulon,443000.0,,,Appartement neuf à Toulon,,,,,Frais de Notaire Offerts Jusqu'au 28 Février (1).Du 01/03/2026 au 31/03/2026 : PROFITEZ DES FRAIS DE NOTAIRE OFFERTS. Frais de notaire offerts (1) jusqu'au 31 mars. Profitez des frais de notaire offerts et découvrez une adresse d'exception à...,https://www.immoneuf.com/programme/annonce-immobilier-neuf/toulon-83-g43624/p420278?page=36?origine=annonce-pap&utm_source=pap&utm_medium=link&utm_campaign=pap_annonces&typelot=,2026-03-10T20:24:15.842284
pap,,Appartement neuf à Toulon,220000.0,,,Appartement neuf à Toulon,,,,,"Toulon à 10 min à vélo de la plage de l'Anse de Magaud.Idéalement situé aux portes de La Valette-du-Var, ce programme immobilier neuf offre un cadre de vie privilégié, combinant praticité et sérénité. À proximité du Cap Brun et des commodités locales, il...",https://www.immoneuf.com/programme/annonce-immobilier-neuf/toulon-83-g43624/p15024731?page=36?origine=annonce-pap&utm_source=pap&utm_medium=link&utm_campaign=pap_annonces&typelot=,2026-03-10T20:24:15.842284
pap,,Appartement neuf à Toulon,443000.0,,,Appartement neuf à Toulon,,,,,Frais de Notaire Offerts Jusqu'au 28 Février (1).Du 01/03/2026 au 31/03/2026 : PROFITEZ DES FRAIS DE NOTAIRE OFFERTS. Frais de notaire offerts (1) jusqu'au 31 mars. Profitez des frais de notaire offerts et découvrez une adresse d'exception à...,https://www.immoneuf.com/programme/annonce-immobilier-neuf/toulon-83-g43624/p420278?page=37?origine=annonce-pap&utm_source=pap&utm_medium=link&utm_campaign=pap_annonces&typelot=,2026-03-10T20:24:15.842284
pap,,Appartement neuf à Toulon,220000.0,,,Appartement neuf à Toulon,,,,,"Toulon à 10 min à vélo de la plage de l'Anse de Magaud.Idéalement situé aux portes de La Valette-du-Var, ce programme immobilier neuf offre un cadre de vie privilégié, combinant praticité et sérénité. À proximité du Cap Brun et des commodités locales, il...",https://www.immoneuf.com/programme/annonce-immobilier-neuf/toulon-83-g43624/p15024731?page=37?origine=annonce-pap&utm_source=pap&utm_medium=link&utm_campaign=pap_annonces&typelot=,2026-03-10T20:24:15.842284
pap,,Appartement neuf à Toulon,443000.0,,,Appartement neuf à Toulon,,,,,Frais de Notaire Offerts Jusqu'au 28 Février (1).Du 01/03/2026 au 31/03/2026 : PROFITEZ DES FRAIS DE NOTAIRE OFFERTS. Frais de notaire offerts (1) jusqu'au 31 mars. Profitez des frais de notaire offerts et découvrez une adresse d'exception à...,https://www.immoneuf.com/programme/annonce-immobilier-neuf/toulon-83-g43624/p420278?page=38?origine=annonce-pap&utm_source=pap&utm_medium=link&utm_campaign=pap_annonces&typelot=,2026-03-10T20:24:15.842284
pap,,Appartement neuf à Toulon,220000.0,,,Appartement neuf à Toulon,,,,,"Toulon à 10 min à vélo de la plage de l'Anse de Magaud.Idéalement situé aux portes de La Valette-du-Var, ce programme immobilier neuf offre un cadre de vie privilégié, combinant praticité et sérénité. À proximité du Cap Brun et des commodités locales, il...",https://www.immoneuf.com/programme/annonce-immobilier-neuf/toulon-83-g43624/p15024731?page=38?origine=annonce-pap&utm_source=pap&utm_medium=link&utm_campaign=pap_annonces&typelot=,2026-03-10T20:24:15.842284
pap,,Appartement neuf à Toulon,443000.0,,,Appartement neuf à Toulon,,,,,Frais de Notaire Offerts Jusqu'au 28 Février (1).Du 01/03/2026 au 31/03/2026 : PROFITEZ DES FRAIS DE NOTAIRE OFFERTS. Frais de notaire offerts (1) jusqu'au 31 mars. Profitez des frais de notaire offerts et découvrez une adresse d'exception à...,https://www.immoneuf.com/programme/annonce-immobilier-neuf/toulon-83-g43624/p420278?page=39?origine=annonce-pap&utm_source=pap&utm_medium=link&utm_campaign=pap_annonces&typelot=,2026-03-10T20:24:15.842284
pap,,Appartement neuf à Toulon,220000.0,,,Appartement neuf à Toulon,,,,,"Toulon à 10 min à vélo de la plage de l'Anse de Magaud.Idéalement situé aux portes de La Valette-du-Var, ce programme immobilier neuf offre un cadre de vie privilégié, combinant praticité et sérénité. À proximité du Cap Brun et des commodités locales, il...",https://www.immoneuf.com/programme/annonce-immobilier-neuf/toulon-83-g43624/p15024731?page=39?origine=annonce-pap&utm_source=pap&utm_medium=link&utm_campaign=pap_annonces&typelot=,2026-03-10T20:24:15.842284
pap,,Appartement neuf à Toulon,443000.0,,,Appartement neuf à Toulon,,,,,Frais de Notaire Offerts Jusqu'au 28 Février (1).Du 01/03/2026 au 31/03/2026 : PROFITEZ DES FRAIS DE NOTAIRE OFFERTS. Frais de notaire offerts (1) jusqu'au 31 mars. Profitez des frais de notaire offerts et découvrez une adresse d'exception à...,https://www.immoneuf.com/programme/annonce-immobilier-neuf/toulon-83-g43624/p420278?page=40?origine=annonce-pap&utm_source=pap&utm_medium=link&utm_campaign=pap_annonces&typelot=,2026-03-10T20:24:15.842284
pap,,Appartement neuf à Toulon,220000.0,,,Appartement neuf à Toulon,,,,,"Toulon à 10 min à vélo de la plage de l'Anse de Magaud.Idéalement situé aux portes de La Valette-du-Var, ce programme immobilier neuf offre un cadre de vie privilégié, combinant praticité et sérénité. À proximité du Cap Brun et des commodités locales, il...",https://www.immoneuf.com/programme/annonce-immobilier-neuf/toulon-83-g43624/p15024731?page=40?origine=annonce-pap&utm_source=pap&utm_medium=link&utm_campaign=pap_annonces&typelot=,2026-03-10T20:24:15.842284
pap,,Appartement neuf à Toulon,443000.0,,,Appartement neuf à Toulon,,,,,Frais de Notaire Offerts Jusqu'au 28 Février (1).Du 01/03/2026 au 31/03/2026 : PROFITEZ DES FRAIS DE NOTAIRE OFFERTS. Frais de notaire offerts (1) jusqu'au 31 mars. Profitez des frais de notaire offerts et découvrez une adresse d'exception à...,https://www.immoneuf.com/programme/annonce-immobilier-neuf/toulon-83-g43624/p420278?page=41?origine=annonce-pap&utm_source=pap&utm_medium=link&utm_campaign=pap_annonces&typelot=,2026-03-10T20:24:15.842284
pap,,Appartement neuf à Toulon,220000.0,,,Appartement neuf à Toulon,,,,,"Toulon à 10 min à vélo de la plage de l'Anse de Magaud.Idéalement situé aux portes de La Valette-du-Var, ce programme immobilier neuf offre un cadre de vie privilégié, combinant praticité et sérénité. À proximité du Cap Brun et des commodités locales, il...",https://www.immoneuf.com/programme/annonce-immobilier-neuf/toulon-83-g43624/p15024731?page=41?origine=annonce-pap&utm_source=pap&utm_medium=link&utm_campaign=pap_annonces&typelot=,2026-03-10T20:24:15.842284
pap,,Appartement neuf à Toulon,443000.0,,,Appartement neuf à Toulon,,,,,Frais de Notaire Offerts Jusqu'au 28 Février (1).Du 01/03/2026 au 31/03/2026 : PROFITEZ DES FRAIS DE NOTAIRE OFFERTS. Frais de notaire offerts (1) jusqu'au 31 mars. Profitez des frais de notaire offerts et découvrez une adresse d'exception à...,https://www.immoneuf.com/programme/annonce-immobilier-neuf/toulon-83-g43624/p420278?page=42?origine=annonce-pap&utm_source=pap&utm_medium=link&utm_campaign=pap_annonces&typelot=,2026-03-10T20:24:15.842284
pap,,Appartement neuf à Toulon,220000.0,,,Appartement neuf à Toulon,,,,,"Toulon à 10 min à vélo de la plage de l'Anse de Magaud.Idéalement situé aux portes de La Valette-du-Var, ce programme immobilier neuf offre un cadre de vie privilégié, combinant praticité et sérénité. À proximité du Cap Brun et des commodités locales, il...",https://www.immoneuf.com/programme/annonce-immobilier-neuf/toulon-83-g43624/p15024731?page=42?origine=annonce-pap&utm_source=pap&utm_medium=link&utm_campaign=pap_annonces&typelot=,2026-03-10T20:24:15.842284
pap,,Appartement neuf à Toulon,443000.0,,,Appartement neuf à Toulon,,,,,Frais de Notaire Offerts Jusqu'au 28 Février (1).Du 01/03/2026 au 31/03/2026 : PROFITEZ DES FRAIS DE NOTAIRE OFFERTS. Frais de notaire offerts (1) jusqu'au 31 mars. Profitez des frais de notaire offerts et découvrez une adresse d'exception à...,https://www.immoneuf.com/programme/annonce-immobilier-neuf/toulon-83-g43624/p420278?page=43?origine=annonce-pap&utm_source=pap&utm_medium=link&utm_campaign=pap_annonces&typelot=,2026-03-10T20:24:15.842284
pap,,Appartement neuf à Toulon,220000.0,,,Appartement neuf à Toulon,,,,,"Toulon à 10 min à vélo de la plage de l'Anse de Magaud.Idéalement situé aux portes de La Valette-du-Var, ce programme immobilier neuf offre un cadre de vie privilégié, combinant praticité et sérénité. À proximité du Cap Brun et des commodités locales, il...",https://www.immoneuf.com/programme/annonce-immobilier-neuf/toulon-83-g43624/p15024731?page=43?origine=annonce-pap&utm_source=pap&utm_medium=link&utm_campaign=pap_annonces&typelot=,2026-03-10T20:24:15.842284
pap,,Appartement neuf à Toulon,443000.0,,,Appartement neuf à Toulon,,,,,Frais de Notaire Offerts Jusqu'au 28 Février (1).Du 01/03/2026 au 31/03/2026 : PROFITEZ DES FRAIS DE NOTAIRE OFFERTS. Frais de notaire offerts (1) jusqu'au 31 mars. Profitez des frais de notaire offerts et découvrez une adresse d'exception à...,https://www.immoneuf.com/programme/annonce-immobilier-neuf/toulon-83-g43624/p420278?page=44?origine=annonce-pap&utm_source=pap&utm_medium=link&utm_campaign=pap_annonces&typelot=,2026-03-10T20:24:15.842284
pap,,Appartement neuf à Toulon,220000.0,,,Appartement neuf à Toulon,,,,,"Toulon à 10 min à vélo de la plage de l'Anse de Magaud.Idéalement situé aux portes de La Valette-du-Var, ce programme immobilier neuf offre un cadre de vie privilégié, combinant praticité et sérénité. À proximité du Cap Brun et des commodités locales, il...",https://www.immoneuf.com/programme/annonce-immobilier-neuf/toulon-83-g43624/p15024731?page=44?origine=annonce-pap&utm_source=pap&utm_medium=link&utm_campaign=pap_annonces&typelot=,2026-03-10T20:24:15.842284
pap,,Appartement neuf à Toulon,443000.0,,,Appartement neuf à Toulon,,,,,Frais de Notaire Offerts Jusqu'au 28 Février (1).Du 01/03/2026 au 31/03/2026 : PROFITEZ DES FRAIS DE NOTAIRE OFFERTS. Frais de notaire offerts (1) jusqu'au 31 mars. Profitez des frais de notaire offerts et découvrez une adresse d'exception à...,https://www.immoneuf.com/programme/annonce-immobilier-neuf/toulon-83-g43624/p420278?page=45?origine=annonce-pap&utm_source=pap&utm_medium=link&utm_campaign=pap_annonces&typelot=,2026-03-10T20:24:15.842284
pap,,Appartement neuf à Toulon,220000.0,,,Appartement neuf à Toulon,,,,,"Toulon à 10 min à vélo de la plage de l'Anse de Magaud.Idéalement situé aux portes de La Valette-du-Var, ce programme immobilier neuf offre un cadre de vie privilégié, combinant praticité et sérénité. À proximité du Cap Brun et des commodités locales, il...",https://www.immoneuf.com/programme/annonce-immobilier-neuf/toulon-83-g43624/p15024731?page=45?origine=annonce-pap&utm_source=pap&utm_medium=link&utm_campaign=pap_annonces&typelot=,2026-03-10T20:24:15.842284
pap,,Appartement neuf à Toulon,443000.0,,,Appartement neuf à Toulon,,,,,Frais de Notaire Offerts Jusqu'au 28 Février (1).Du 01/03/2026 au 31/03/2026 : PROFITEZ DES FRAIS DE NOTAIRE OFFERTS. Frais de notaire offerts (1) jusqu'au 31 mars. Profitez des frais de notaire offerts et découvrez une adresse d'exception à...,https://www.immoneuf.com/programme/annonce-immobilier-neuf/toulon-83-g43624/p420278?page=46?origine=annonce-pap&utm_source=pap&utm_medium=link&utm_campaign=pap_annonces&typelot=,2026-03-10T20:24:15.842284
pap,,Appartement neuf à Toulon,220000.0,,,Appartement neuf à Toulon,,,,,"Toulon à 10 min à vélo de la plage de l'Anse de Magaud.Idéalement situé aux portes de La Valette-du-Var, ce programme immobilier neuf offre un cadre de vie privilégié, combinant praticité et sérénité. À proximité du Cap Brun et des commodités locales, il...",https://www.immoneuf.com/programme/annonce-immobilier-neuf/toulon-83-g43624/p15024731?page=46?origine=annonce-pap&utm_source=pap&utm_medium=link&utm_campaign=pap_annonces&typelot=,2026-03-10T20:24:15.842284
pap,,Appartement neuf à Toulon,443000.0,,,Appartement neuf à Toulon,,,,,Frais de Notaire Offerts Jusqu'au 28 Février (1).Du 01/03/2026 au 31/03/2026 : PROFITEZ DES FRAIS DE NOTAIRE OFFERTS. Frais de notaire offerts (1) jusqu'au 31 mars. Profitez des frais de notaire offerts et découvrez une adresse d'exception à...,https://www.immoneuf.com/programme/annonce-immobilier-neuf/toulon-83-g43624/p420278?page=47?origine=annonce-pap&utm_source=pap&utm_medium=link&utm_campaign=pap_annonces&typelot=,2026-03-10T20:24:15.842284
pap,,Appartement neuf à Toulon,220000.0,,,Appartement neuf à Toulon,,,,,"Toulon à 10 min à vélo de la plage de l'Anse de Magaud.Idéalement situé aux portes de La Valette-du-Var, ce programme immobilier neuf offre un cadre de vie privilégié, combinant praticité et sérénité. À proximité du Cap Brun et des commodités locales, il...",https://www.immoneuf.com/programme/annonce-immobilier-neuf/toulon-83-g43624/p15024731?page=47?origine=annonce-pap&utm_source=pap&utm_medium=link&utm_campaign=pap_annonces&typelot=,2026-03-10T20:24:15.842284
pap,,Appartement neuf à Toulon,443000.0,,,Appartement neuf à Toulon,,,,,Frais de Notaire Offerts Jusqu'au 28 Février (1).Du 01/03/2026 au 31/03/2026 : PROFITEZ DES FRAIS DE NOTAIRE OFFERTS. Frais de notaire offerts (1) jusqu'au 31 mars. Profitez des frais de notaire offerts et découvrez une adresse d'exception à...,https://www.immoneuf.com/programme/annonce-immobilier-neuf/toulon-83-g43624/p420278?page=48?origine=annonce-pap&utm_source=pap&utm_medium=link&utm_campaign=pap_annonces&typelot=,2026-03-10T20:24:15.842284
pap,,Appartement neuf à Toulon,220000.0,,,Appartement neuf à Toulon,,,,,"Toulon à 10 min à vélo de la plage de l'Anse de Magaud.Idéalement situé aux portes de La Valette-du-Var, ce programme immobilier neuf offre un cadre de vie privilégié, combinant praticité et sérénité. À proximité du Cap Brun et des commodités locales, il...",https://www.immoneuf.com/programme/annonce-immobilier-neuf/toulon-83-g43624/p15024731?page=48?origine=annonce-pap&utm_source=pap&utm_medium=link&utm_campaign=pap_annonces&typelot=,2026-03-10T20:24:15.842284
pap,,Appartement neuf à Toulon,443000.0,,,Appartement neuf à Toulon,,,,,Frais de Notaire Offerts Jusqu'au 28 Février (1).Du 01/03/2026 au 31/03/2026 : PROFITEZ DES FRAIS DE NOTAIRE OFFERTS. Frais de notaire offerts (1) jusqu'au 31 mars. Profitez des frais de notaire offerts et découvrez une adresse d'exception à...,https://www.immoneuf.com/programme/annonce-immobilier-neuf/toulon-83-g43624/p420278?page=49?origine=annonce-pap&utm_source=pap&utm_medium=link&utm_campaign=pap_annonces&typelot=,2026-03-10T20:24:15.842284
pap,,Appartement neuf à Toulon,220000.0,,,Appartement neuf à Toulon,,,,,"Toulon à 10 min à vélo de la plage de l'Anse de Magaud.Idéalement situé aux portes de La Valette-du-Var, ce programme immobilier neuf offre un cadre de vie privilégié, combinant praticité et sérénité. À proximité du Cap Brun et des commodités locales, il...",https://www.immoneuf.com/programme/annonce-immobilier-neuf/toulon-83-g43624/p15024731?page=49?origine=annonce-pap&utm_source=pap&utm_medium=link&utm_campaign=pap_annonces&typelot=,2026-03-10T20:24:15.842284
pap,,Appartement neuf à Toulon,443000.0,,,Appartement neuf à Toulon,,,,,Frais de Notaire Offerts Jusqu'au 28 Février (1).Du 01/03/2026 au 31/03/2026 : PROFITEZ DES FRAIS DE NOTAIRE OFFERTS. Frais de notaire offerts (1) jusqu'au 31 mars. Profitez des frais de notaire offerts et découvrez une adresse d'exception à...,https://www.immoneuf.com/programme/annonce-immobilier-neuf/toulon-83-g43624/p420278?page=50?origine=annonce-pap&utm_source=pap&utm_medium=link&utm_campaign=pap_annonces&typelot=,2026-03-10T20:24:15.842284
pap,,Appartement neuf à Toulon,220000.0,,,Appartement neuf à Toulon,,,,,"Toulon à 10 min à vélo de la plage de l'Anse de Magaud.Idéalement situé aux portes de La Valette-du-Var, ce programme immobilier neuf offre un cadre de vie privilégié, combinant praticité et sérénité. À proximité du Cap Brun et des commodités locales, il...",https://www.immoneuf.com/programme/annonce-immobilier-neuf/toulon-83-g43624/p15024731?page=50?origine=annonce-pap&utm_source=pap&utm_medium=link&utm_campaign=pap_annonces&typelot=,2026-03-10T20:24:15.842284
